"","x"
"1","173.194.74.189"
"2","128.237.255.81"
"3","74.125.228.86"
"4","91.189.94.4"
"5","199.59.148.147"
"6","128.2.1.10"
"7","74.125.228.64"
"8","121.168.84.32"
"9","75.214.206.60"
"10","21.241.212.197"
"11","55.53.190.191"
"12","71.113.17.64"
"13","120.130.138.152"
"14","171.128.49.99"
"15","104.220.68.36"
"16","241.210.41.46"
"17","33.24.97.48"
"18","115.99.66.210"
"19","154.29.81.178"
"20","69.232.82.51"
"21","234.183.31.38"
"22","102.146.88.253"
"23","196.132.138.81"
"24","74.125.228.67"
"25","63.193.172.89"
"26","16.6.74.206"
"27","94.148.118.202"
"28","160.116.210.243"
"29","248.237.9.18"
"30","161.147.211.153"
"31","207.137.67.221"
"32","229.61.253.52"
"33","180.70.211.154"
"34","132.214.137.24"
"35","132.42.241.177"
"36","65.248.11.247"
"37","49.201.237.5"
"38","51.145.58.158"
