"","src","dst","protocol_name","n"
"1","102.146.88.253","128.237.255.81","TCP",1
"2","104.220.68.36","128.237.255.81","TCP",1
"3","115.99.66.210","128.237.255.81","TCP",1
"4","120.130.138.152","128.237.255.81","TCP",1
"5","121.168.84.32","128.237.255.81","TCP",1
"6","128.2.1.10","128.237.255.81","UDP",2
"7","128.237.255.81","128.2.1.10","UDP",2
"8","128.237.255.81","173.194.74.189","TCP",15
"9","128.237.255.81","199.59.148.147","TCP",9
"10","128.237.255.81","74.125.228.64","TCP",14
"11","128.237.255.81","74.125.228.67","TCP",8
"12","128.237.255.81","74.125.228.86","TCP",12
"13","128.237.255.81","91.189.94.4","UDP",1
"14","132.214.137.24","128.237.255.81","TCP",1
"15","132.42.241.177","128.237.255.81","TCP",1
"16","154.29.81.178","128.237.255.81","TCP",1
"17","160.116.210.243","128.237.255.81","TCP",1
"18","161.147.211.153","128.237.255.81","TCP",1
"19","16.6.74.206","128.237.255.81","TCP",1
"20","171.128.49.99","128.237.255.81","TCP",1
"21","173.194.74.189","128.237.255.81","TCP",20
"22","180.70.211.154","128.237.255.81","TCP",1
"23","196.132.138.81","128.237.255.81","TCP",1
"24","199.59.148.147","128.237.255.81","TCP",6
"25","207.137.67.221","128.237.255.81","TCP",1
"26","21.241.212.197","128.237.255.81","TCP",1
"27","229.61.253.52","128.237.255.81","TCP",1
"28","234.183.31.38","128.237.255.81","TCP",1
"29","241.210.41.46","128.237.255.81","TCP",1
"30","248.237.9.18","128.237.255.81","TCP",1
"31","33.24.97.48","128.237.255.81","TCP",1
"32","49.201.237.5","128.237.255.81","TCP",1
"33","51.145.58.158","128.237.255.81","TCP",1
"34","55.53.190.191","128.237.255.81","TCP",1
"35","63.193.172.89","128.237.255.81","TCP",1
"36","65.248.11.247","128.237.255.81","TCP",1
"37","69.232.82.51","128.237.255.81","TCP",1
"38","71.113.17.64","128.237.255.81","TCP",1
"39","74.125.228.64","128.237.255.81","TCP",10
"40","74.125.228.67","128.237.255.81","TCP",5
"41","74.125.228.86","128.237.255.81","TCP",10
"42","75.214.206.60","128.237.255.81","TCP",1
"43","91.189.94.4","128.237.255.81","UDP",1
"44","94.148.118.202","128.237.255.81","TCP",1
