"","ip","n"
"1","102.146.88.253",1
"2","104.220.68.36",1
"3","115.99.66.210",1
"4","120.130.138.152",1
"5","121.168.84.32",1
"6","128.2.1.10",4
"7","128.237.255.81",145
"8","132.214.137.24",1
"9","132.42.241.177",1
"10","154.29.81.178",1
"11","160.116.210.243",1
"12","161.147.211.153",1
"13","16.6.74.206",1
"14","171.128.49.99",1
"15","173.194.74.189",35
"16","180.70.211.154",1
"17","196.132.138.81",1
"18","199.59.148.147",15
"19","207.137.67.221",1
"20","21.241.212.197",1
"21","229.61.253.52",1
"22","234.183.31.38",1
"23","241.210.41.46",1
"24","248.237.9.18",1
"25","33.24.97.48",1
"26","49.201.237.5",1
"27","51.145.58.158",1
"28","55.53.190.191",1
"29","63.193.172.89",1
"30","65.248.11.247",1
"31","69.232.82.51",1
"32","71.113.17.64",1
"33","74.125.228.64",24
"34","74.125.228.67",13
"35","74.125.228.86",22
"36","75.214.206.60",1
"37","91.189.94.4",2
"38","94.148.118.202",1
